Read client from CSV read file,Thu Apr 28 23:18:47 EEST 2022
Read liptick from CSV read file,Thu Apr 28 23:18:47 EEST 2022
Read eyeshadow from CSV read file,Thu Apr 28 23:18:47 EEST 2022
Read foundation from CSV read file,Thu Apr 28 23:18:47 EEST 2022
Read client from CSV read file,Thu Apr 28 23:32:53 EEST 2022
Read liptick from CSV read file,Thu Apr 28 23:32:53 EEST 2022
Read client from CSV read file,Sat May 21 23:13:32 EEST 2022
Read liptick from CSV read file,Sat May 21 23:13:32 EEST 2022
Read eyeshadow from CSV read file,Sat May 21 23:13:32 EEST 2022
Read foundation from CSV read file,Sat May 21 23:13:32 EEST 2022
Read client from CSV read file,Mon May 23 12:15:16 EEST 2022
Read liptick from CSV read file,Mon May 23 12:15:16 EEST 2022
Read eyeshadow from CSV read file,Mon May 23 12:15:16 EEST 2022
Read foundation from CSV read file,Mon May 23 12:15:16 EEST 2022
Read client from CSV read file,Mon May 23 12:16:30 EEST 2022
Read liptick from CSV read file,Mon May 23 12:16:30 EEST 2022
Read eyeshadow from CSV read file,Mon May 23 12:16:30 EEST 2022
Read foundation from CSV read file,Mon May 23 12:16:30 EEST 2022
Read client from CSV read file,Tue May 24 15:50:04 EEST 2022
Read liptick from CSV read file,Tue May 24 15:50:04 EEST 2022
Read eyeshadow from CSV read file,Tue May 24 15:50:04 EEST 2022
Read foundation from CSV read file,Tue May 24 15:50:04 EEST 2022
Read client from CSV read file,Thu May 26 13:46:04 EEST 2022
Read liptick from CSV read file,Thu May 26 13:46:04 EEST 2022
Read eyeshadow from CSV read file,Thu May 26 13:46:04 EEST 2022
Read foundation from CSV read file,Thu May 26 13:46:04 EEST 2022
addClient,Thu May 26 13:47:02 EEST 2022
Write client to CSV,Thu May 26 13:47:02 EEST 2022
addLips,Thu May 26 13:50:21 EEST 2022
Write lipstick to CSV,Thu May 26 13:50:21 EEST 2022
Read client from CSV read file,Thu May 26 13:53:18 EEST 2022
Read liptick from CSV read file,Thu May 26 13:53:18 EEST 2022
Read eyeshadow from CSV read file,Thu May 26 13:53:18 EEST 2022
Read foundation from CSV read file,Thu May 26 13:53:18 EEST 2022
Read client from CSV read file,Thu May 26 13:53:36 EEST 2022
Read liptick from CSV read file,Thu May 26 13:53:36 EEST 2022
Read eyeshadow from CSV read file,Thu May 26 13:53:36 EEST 2022
Read foundation from CSV read file,Thu May 26 13:53:36 EEST 2022
Read client from CSV read file,Thu May 26 13:56:30 EEST 2022
Read liptick from CSV read file,Thu May 26 13:56:30 EEST 2022
Read eyeshadow from CSV read file,Thu May 26 13:56:30 EEST 2022
Read foundation from CSV read file,Thu May 26 13:56:30 EEST 2022
Read client from CSV read file,Thu May 26 14:04:40 EEST 2022
Read liptick from CSV read file,Thu May 26 14:04:40 EEST 2022
Read eyeshadow from CSV read file,Thu May 26 14:04:40 EEST 2022
Read foundation from CSV read file,Thu May 26 14:04:40 EEST 2022
Read client from CSV read file,Thu May 26 14:11:52 EEST 2022
Read liptick from CSV read file,Thu May 26 14:11:52 EEST 2022
Read eyeshadow from CSV read file,Thu May 26 14:11:52 EEST 2022
Read foundation from CSV read file,Thu May 26 14:11:52 EEST 2022
Read client from CSV read file,Thu May 26 14:12:46 EEST 2022
Read liptick from CSV read file,Thu May 26 14:12:46 EEST 2022
Read eyeshadow from CSV read file,Thu May 26 14:12:46 EEST 2022
Read foundation from CSV read file,Thu May 26 14:12:46 EEST 2022
Read client from CSV read file,Thu May 26 14:13:49 EEST 2022
Read liptick from CSV read file,Thu May 26 14:13:49 EEST 2022
Read eyeshadow from CSV read file,Thu May 26 14:13:49 EEST 2022
Read foundation from CSV read file,Thu May 26 14:13:49 EEST 2022
Read client from CSV read file,Thu May 26 14:17:00 EEST 2022
Read liptick from CSV read file,Thu May 26 14:17:00 EEST 2022
Read eyeshadow from CSV read file,Thu May 26 14:17:00 EEST 2022
Read foundation from CSV read file,Thu May 26 14:17:00 EEST 2022
Read client from CSV read file,Thu May 26 14:17:17 EEST 2022
Read liptick from CSV read file,Thu May 26 14:17:17 EEST 2022
Read eyeshadow from CSV read file,Thu May 26 14:17:17 EEST 2022
Read foundation from CSV read file,Thu May 26 14:17:17 EEST 2022
Read client from CSV read file,Thu May 26 14:20:43 EEST 2022
Read liptick from CSV read file,Thu May 26 14:20:43 EEST 2022
Read eyeshadow from CSV read file,Thu May 26 14:20:43 EEST 2022
Read foundation from CSV read file,Thu May 26 14:20:43 EEST 2022
Read client from CSV read file,Thu May 26 14:22:10 EEST 2022
Read liptick from CSV read file,Thu May 26 14:22:10 EEST 2022
Read eyeshadow from CSV read file,Thu May 26 14:22:10 EEST 2022
Read foundation from CSV read file,Thu May 26 14:22:10 EEST 2022
Read client from CSV read file,Thu May 26 14:48:37 EEST 2022
Read liptick from CSV read file,Thu May 26 14:48:38 EEST 2022
Read eyeshadow from CSV read file,Thu May 26 14:48:38 EEST 2022
Read foundation from CSV read file,Thu May 26 14:48:38 EEST 2022
Read client from CSV read file,Thu May 26 14:48:46 EEST 2022
Read liptick from CSV read file,Thu May 26 14:48:46 EEST 2022
Read eyeshadow from CSV read file,Thu May 26 14:48:46 EEST 2022
Read foundation from CSV read file,Thu May 26 14:48:46 EEST 2022
addLips,Thu May 26 14:49:41 EEST 2022
Write lipstick to CSV,Thu May 26 14:49:41 EEST 2022
Read client from CSV read file,Thu May 26 18:38:03 EEST 2022
Read client from CSV read file,Thu May 26 18:38:56 EEST 2022
Read liptick from CSV read file,Thu May 26 18:38:56 EEST 2022
Read eyeshadow from CSV read file,Thu May 26 18:38:56 EEST 2022
Read foundation from CSV read file,Thu May 26 18:38:56 EEST 2022
addClient,Thu May 26 18:41:55 EEST 2022
Write client to CSV,Thu May 26 18:41:55 EEST 2022
addEyeshadow,Thu May 26 18:44:15 EEST 2022
Write Eyeshadow to CSV,Thu May 26 18:44:15 EEST 2022
Read client from CSV read file,Thu May 26 18:45:41 EEST 2022
Read liptick from CSV read file,Thu May 26 18:45:41 EEST 2022
Read eyeshadow from CSV read file,Thu May 26 18:45:41 EEST 2022
Read foundation from CSV read file,Thu May 26 18:45:41 EEST 2022
Read client from CSV read file,Thu May 26 18:46:04 EEST 2022
Read liptick from CSV read file,Thu May 26 18:46:04 EEST 2022
Read eyeshadow from CSV read file,Thu May 26 18:46:04 EEST 2022
Read foundation from CSV read file,Thu May 26 18:46:04 EEST 2022
Read client from CSV read file,Thu May 26 18:47:35 EEST 2022
Read liptick from CSV read file,Thu May 26 18:47:35 EEST 2022
Read eyeshadow from CSV read file,Thu May 26 18:47:35 EEST 2022
Read foundation from CSV read file,Thu May 26 18:47:35 EEST 2022
addEyeshadow,Thu May 26 18:48:45 EEST 2022
Write Eyeshadow to CSV,Thu May 26 18:48:45 EEST 2022
addEyeshadow,Thu May 26 18:49:28 EEST 2022
Write Eyeshadow to CSV,Thu May 26 18:49:28 EEST 2022